-- 확장된 mock data (새롭게 추가된 부분은 "-- 추가된 부분: "으로 표시)
INSERT INTO member (id, name, email, profile_image_url, social_type, social_id, role, created_at, updated_at, deleted_at) VALUES
                                                                                                                              (1, '테스트유저1', 'user1@example.com', 'http://example.com/profile1.jpg', 'KAKAO', 'kakao_id_1', 'USER', '2023-01-15 10:00:00', '2023-01-15 10:00:00', NULL),
                                                                                                                              (2, '테스트유저2', 'user2@example.com', 'http://example.com/profile2.jpg', 'KAKAO', 'kakao_id_2', 'USER', '2023-02-01 11:30:00', '2023-02-01 11:30:00', NULL),
                                                                                                                              (3, '어드민유저', 'admin@example.com', 'http://example.com/profile3.jpg', 'KAKAO', 'kakao_id_3', 'ADMIN', '2023-03-10 14:00:00', '2023-03-10 14:00:00', NULL),
                                                                                                                              (4, '김철수', 'chulsu.kim@example.com', 'http://example.com/chulsu.jpg', 'KAKAO', 'kakao_id_4', 'USER', '2023-04-05 09:00:00', '2023-04-05 09:00:00', NULL),
                                                                                                                              (5, '이영희', 'younghee.lee@example.com', 'http://example.com/younghee.jpg', 'KAKAO', 'kakao_id_5', 'USER', '2023-05-20 16:00:00', '2023-05-20 16:00:00', NULL),
                                                                                                                              (6, '박지민', 'jimin.park@example.com', 'http://example.com/jimin.jpg', 'KAKAO', 'kakao_id_6', 'USER', '2024-01-01 08:00:00', '2024-01-01 08:00:00', NULL),
                                                                                                                              (7, '최수현', 'suhyun.choi@example.com', 'http://example.com/suhyun.jpg', 'KAKAO', 'kakao_id_7', 'USER', '2024-02-10 13:00:00', '2024-02-10 13:00:00', NULL),
                                                                                                                              (8, '정은지', 'eunji.jung@example.com', 'http://example.com/eunji.jpg', 'KAKAO', 'kakao_id_8', 'USER', '2024-03-15 17:00:00', '2024-03-15 17:00:00', NULL),
                                                                                                                              (9, '강민준', 'minjun.kang@example.com', 'http://example.com/minjun.jpg', 'KAKAO', 'kakao_id_9', 'USER', '2024-04-20 10:00:00', '2024-04-20 10:00:00', NULL),
                                                                                                                              (10, '송혜교', 'hyegyo.song@example.com', 'http://example.com/hyegyo.jpg', 'KAKAO', 'kakao_id_10', 'USER', '2024-05-01 11:00:00', '2024-05-01 11:00:00', NULL);

-- member_profile 테이블 (사용자 추가 정보)
INSERT INTO member_profile (member_id, nickname, gender, age, mbti, mbti_ie, mbti_tf, created_at, updated_at, deleted_at) VALUES
                                                                                                                              (1, '꽃님이', 'FEMALE', 'TWENTY', 'ISTJ', 'I', 'T', NOW(), NOW(), NULL),
                                                                                                                              (2, '돌쇠', 'MALE', 'THIRTY', 'ENFP', 'E', 'F', NOW(), NOW(), NULL),
                                                                                                                              (3, '관리자123', 'MALE', 'OVER_FORTY', 'ESTP', 'E', 'T', NOW(), NOW(), NULL),
                                                                                                                              (4, '철수짱', 'MALE', 'TWENTY', 'INTP', 'I', 'T', NOW(), NOW(), NULL),
                                                                                                                              (5, '영희씨', 'FEMALE', 'THIRTY', 'ESFJ', 'E', 'F', NOW(), NOW(), NULL),
                                                                                                                              (6, '지민쓰', 'MALE', 'TWENTY', 'ISFP', 'I', 'F', NOW(), NOW(), NULL),
                                                                                                                              (7, '수현킴', 'FEMALE', 'TWENTY', 'ENTJ', 'E', 'T', NOW(), NOW(), NULL),
                                                                                                                              (8, '은지맘', 'FEMALE', 'THIRTY', 'INFJ', 'I', 'F', NOW(), NOW(), NULL),
                                                                                                                              (9, '민준킹', 'MALE', 'TWENTY', 'ESTJ', 'E', 'T', NOW(), NOW(), NULL),
                                                                                                                              (10, '교미', 'FEMALE', 'OVER_FORTY', 'ISTP', 'I', 'T', NOW(), NOW(), NULL);

-- vote 테이블 (투표 정보)
INSERT INTO vote (id, category, title, total_vote_count, member_id, created_at, updated_at, deleted_at) VALUES
                                                                                                            (1, 'LOVE', '솔로탈출! 소개팅 앱 vs 지인 소개?', 10, 1, '2025-06-15 10:00:00', '2025-06-15 10:00:00', NULL),
                                                                                                            (2, 'FOOD', '오늘 점심, 한식 vs 양식?', 8, 2, '2024-06-20 11:00:00', '2024-06-20 11:00:00', NULL),
                                                                                                            (3, 'ETC', '여름 휴가, 해외여행 vs 국내여행?', 12, 4, '2024-06-25 12:00:00', '2024-06-25 12:00:00', NULL),
                                                                                                            (4, 'LOVE', '썸 단계에서 애인에게 선물 준다면?', 9, 5, '2024-06-28 13:00:00', '2024-06-28 13:00:00', NULL),
                                                                                                            (5, 'FOOD', '아침 식사, 밥 vs 빵?', 7, 6, '2024-07-01 14:00:00', '2024-07-01 14:00:00', NULL),
                                                                                                            (6, 'ETC', '나에게 더 중요한 것은?', 6, 7, '2024-07-03 15:00:00', '2024-07-03 15:00:00', NULL),
                                                                                                            (7, 'LOVE', '재회, 긍정적 vs 부정적?', 5, 8, '2024-07-05 16:00:00', '2024-07-05 16:00:00', NULL),
                                                                                                            (8, 'FOOD', '맵고수 인정? 매운 음식 레벨은?', 15, 9, '2024-07-06 17:00:00', '2024-07-06 17:00:00', NULL),
                                                                                                            (9, 'ETC', '나만의 스트레스 해소법은?', 3, 10, '2024-07-07 18:00:00', '2024-07-07 18:00:00', NULL),
                                                                                                            (10, 'LOVE', '첫 데이트 복장, 캐주얼 vs 포멀?', 15, 1, '2025-07-04 19:00:00', '2025-07-04 19:00:00', NULL),
                                                                                                            (11, 'FOOD', '최애 카페 메뉴는?', 8, 2, '2025-07-05 20:00:00', '2025-07-05 20:00:00', NULL),

-- 추가된 부분: vote 테이블 확장
                                                                                                            (12, 'ETC', '퇴근 후, 칼퇴 vs 야근 수당?', 12, 3, '2025-07-08 09:00:00', '2025-07-08 09:00:00', NULL),
                                                                                                            (13, 'FOOD', '치킨 vs 피자, 야식의 왕은?', 10, 4, '2025-07-08 10:00:00', '2025-07-08 10:00:00', NULL),
                                                                                                            (14, 'LOVE', '고백 타이밍, 만난 지 1달 vs 3달?', 8, 5, '2025-07-17 11:00:00', '2025-07-17 11:00:00', NULL),
                                                                                                            (15, 'ETC', '취미 활동, 동적인 것 vs 정적인 것?', 6, 6, '2025-07-17 12:00:00', '2025-07-17 12:00:00', NULL),
                                                                                                            (16, 'FOOD', '분식집에서 떡볶이 vs 순대?', 9, 7, '2025-07-08 13:00:00', '2025-07-08 13:00:00', NULL),
                                                                                                            (17, 'LOVE', '썸남/썸녀의 이것, 용서 가능 vs 절대 불가?', 11, 8, '2025-07-08 14:00:00', '2025-07-08 14:00:00', NULL),
                                                                                                            (18, 'ETC', '여행지 선택, 휴양지 vs 관광지?', 7, 9, '2025-07-08 15:00:00', '2025-07-08 15:00:00', NULL),
                                                                                                            (19, 'FOOD', '라면 끓일 때, 면 먼저 vs 스프 먼저?', 13, 10, '2025-07-08 16:00:00', '2025-07-08 16:00:00', NULL),
                                                                                                            (20, 'LOVE', '연인과 싸운 후, 먼저 사과하기 vs 기다리기?', 9, 1, '2025-07-08 17:00:00', '2025-07-08 17:00:00', NULL),
                                                                                                            (21, 'FOOD', '아이스 아메리카노 vs 따뜻한 라떼?', 15, 2, '2025-07-08 18:00:00', '2025-07-08 18:00:00', NULL),
                                                                                                            (22, 'ETC', '운동, 혼자 vs 같이?', 11, 3, '2025-07-08 19:00:00', '2025-07-08 19:00:00', NULL);

-- comment_group 테이블 (댓글 그룹 - 각 투표에 연결)
INSERT INTO comment_group (id, total_comment_count, created_at, deleted_at, updated_at, vote_id) VALUES
                                                                                                     (1001, 4, '2023-06-01 10:00:00', NULL, '2023-06-01 10:00:00', 1),
                                                                                                     (1002, 0, '2023-07-01 11:00:00', NULL, '2023-07-01 11:00:00', 2),
                                                                                                     (1003, 3, '2023-08-01 12:00:00', NULL, '2023-08-01 12:00:00', 3),
                                                                                                     (1004, 0, '2024-01-01 13:00:00', NULL, '2024-01-01 13:00:00', 4),
                                                                                                     (1005, 0, '2024-02-01 14:00:00', NULL, '2024-02-01 14:00:00', 5),
                                                                                                     (1006, 0, '2024-03-01 15:00:00', NULL, '2024-03-01 15:00:00', 6),
                                                                                                     (1007, 0, '2024-04-01 16:00:00', NULL, '2024-04-01 16:00:00', 7),
                                                                                                     (1008, 0, '2024-05-01 17:00:00', NULL, '2024-05-01 17:00:00', 8),
                                                                                                     (1009, 0, '2024-06-01 18:00:00', NULL, '2024-06-01 18:00:00', 9),
                                                                                                     (1010, 4, '2024-07-01 19:00:00', NULL, '2024-07-01 19:00:00', 10),
                                                                                                     (1011, 0, '2024-08-01 20:00:00', NULL, '2024-08-01 20:00:00', 11),

-- 추가된 부분: comment_group 테이블 확장
                                                                                                     (1012, 5, '2025-07-08 09:00:00', NULL, '2025-07-08 09:00:00', 12),
                                                                                                     (1013, 0, '2025-07-08 10:00:00', NULL, '2025-07-08 10:00:00', 13),
                                                                                                     (1014, 0, '2025-07-08 11:00:00', NULL, '2025-07-08 11:00:00', 14),
                                                                                                     (1015, 0, '2025-07-08 12:00:00', NULL, '2025-07-08 12:00:00', 15),
                                                                                                     (1016, 0, '2025-07-08 13:00:00', NULL, '2025-07-08 13:00:00', 16),
                                                                                                     (1017, 0, '2025-07-08 14:00:00', NULL, '2025-07-08 14:00:00', 17),
                                                                                                     (1018, 0, '2025-07-08 15:00:00', NULL, '2025-07-08 15:00:00', 18),
                                                                                                     (1019, 0, '2025-07-08 16:00:00', NULL, '2025-07-08 16:00:00', 19),
                                                                                                     (1020, 0, '2025-07-08 17:00:00', NULL, '2025-07-08 17:00:00', 20),
                                                                                                     (1021, 0, '2025-07-08 18:00:00', NULL, '2025-07-08 18:00:00', 21),
                                                                                                     (1022, 0, '2025-07-08 19:00:00', NULL, '2025-07-08 19:00:00', 22);

-- vote_option 테이블 (투표 선택지)
INSERT INTO vote_option (id, vote_id, content, vote_count, label, created_at, updated_at, deleted_at) VALUES
                                                                                                          (100, 1, '소개팅 앱', 5, 'A', NOW(), NOW(), NULL),
                                                                                                          (101, 1, '지인 소개', 5, 'B', NOW(), NOW(), NULL),
                                                                                                          (102, 2, '한식', 4, 'A', NOW(), NOW(), NULL),
                                                                                                          (103, 2, '양식', 4, 'B', NOW(), NOW(), NULL),
                                                                                                          (104, 3, '해외여행', 7, 'A', NOW(), NOW(), NULL),
                                                                                                          (105, 3, '국내여행', 5, 'B', NOW(), NOW(), NULL),
                                                                                                          (106, 4, '선물하지 않는다', 5, 'A', NOW(), NOW(), NULL),
                                                                                                          (107, 4, '가볍게 선물한다', 3, 'B', NOW(), NOW(), NULL),
                                                                                                          (108, 4, '고가의 선물도 OK', 1, 'C', NOW(), NOW(), NULL),
                                                                                                          (109, 5, '밥', 4, 'A', NOW(), NOW(), NULL),
                                                                                                          (110, 5, '빵', 3, 'B', NOW(), NOW(), NULL),
                                                                                                          (111, 6, '돈', 3, 'A', NOW(), NOW(), NULL),
                                                                                                          (112, 6, '시간', 3, 'B', NOW(), NOW(), NULL),
                                                                                                          (113, 7, '재회는 긍정적', 3, 'A', NOW(), NOW(), NULL),
                                                                                                          (114, 7, '재회는 부정적', 2, 'B', NOW(), NOW(), NULL),
                                                                                                          (115, 8, '신라면도 매워요', 2, 'A', NOW(), NOW(), NULL),
                                                                                                          (116, 8, '엽떡 정도는 먹죠', 4, 'B', NOW(), NOW(), NULL),
                                                                                                          (117, 8, '불닭볶음면은 기본', 5, 'C', NOW(), NOW(), NULL),
                                                                                                          (118, 8, '핵불닭도 가능', 4, 'D', NOW(), NOW(), NULL),
                                                                                                          (119, 9, '잠자기', 1, 'A', NOW(), NOW(), NULL),
                                                                                                          (120, 9, '운동하기', 1, 'B', NOW(), NOW(), NULL),
                                                                                                          (121, 9, '친구 만나기', 1, 'C', NOW(), NOW(), NULL),
                                                                                                          (122, 10, '캐주얼', 10, 'A', NOW(), NOW(), NULL),
                                                                                                          (123, 10, '포멀', 5, 'B', NOW(), NOW(), NULL),
                                                                                                          (124, 11, '아메리카노', 5, 'A', NOW(), NOW(), NULL),
                                                                                                          (125, 11, '라떼', 2, 'B', NOW(), NOW(), NULL),
                                                                                                          (126, 11, '아인슈페너', 1, 'C', NOW(), NOW(), NULL),

-- 추가된 부분: vote_option 테이블 확장
                                                                                                          (127, 12, '칼퇴', 8, 'A', NOW(), NOW(), NULL),
                                                                                                          (128, 12, '야근 수당', 4, 'B', NOW(), NOW(), NULL),
                                                                                                          (129, 13, '치킨', 6, 'A', NOW(), NOW(), NULL),
                                                                                                          (130, 13, '피자', 4, 'B', NOW(), NOW(), NULL),
                                                                                                          (131, 14, '1달', 3, 'A', NOW(), NOW(), NULL),
                                                                                                          (132, 14, '3달', 5, 'B', NOW(), NOW(), NULL),
                                                                                                          (133, 15, '동적인 것', 2, 'A', NOW(), NOW(), NULL),
                                                                                                          (134, 15, '정적인 것', 4, 'B', NOW(), NOW(), NULL),
                                                                                                          (135, 16, '떡볶이', 6, 'A', NOW(), NOW(), NULL),
                                                                                                          (136, 16, '순대', 3, 'B', NOW(), NOW(), NULL),
                                                                                                          (137, 17, '용서 가능', 7, 'A', NOW(), NOW(), NULL),
                                                                                                          (138, 17, '절대 불가', 4, 'B', NOW(), NOW(), NULL),
                                                                                                          (139, 18, '휴양지', 3, 'A', NOW(), NOW(), NULL),
                                                                                                          (140, 18, '관광지', 4, 'B', NOW(), NOW(), NULL),
                                                                                                          (141, 19, '면 먼저', 8, 'A', NOW(), NOW(), NULL),
                                                                                                          (142, 19, '스프 먼저', 5, 'B', NOW(), NOW(), NULL),
                                                                                                          (143, 20, '먼저 사과하기', 6, 'A', NOW(), NOW(), NULL),
                                                                                                          (144, 20, '기다리기', 3, 'B', NOW(), NOW(), NULL),
                                                                                                          (145, 21, '아이스 아메리카노', 9, 'A', NOW(), NOW(), NULL),
                                                                                                          (146, 21, '따뜻한 라떼', 6, 'B', NOW(), NOW(), NULL),
                                                                                                          (147, 22, '혼자', 5, 'A', NOW(), NOW(), NULL),
                                                                                                          (148, 22, '같이', 6, 'B', NOW(), NOW(), NULL);

-- member_vote_option 테이블 (사용자의 투표 선택)
INSERT INTO member_vote_option (id, member_id, vote_option_id, vote_id, created_at, updated_at, deleted_at) VALUES
-- 투표 1: 솔로탈출 (총 10명 참여)
(1000, 1, 100, 1, NOW(), NOW(), NULL), (1001, 2, 100, 1, NOW(), NOW(), NULL), (1002, 3, 100, 1, NOW(), NOW(), NULL), (1003, 4, 100, 1, NOW(), NOW(), NULL), (1004, 5, 100, 1, NOW(), NOW(), NULL),
(1005, 6, 101, 1, NOW(), NOW(), NULL), (1006, 7, 101, 1, NOW(), NOW(), NULL), (1007, 8, 101, 1, NOW(), NOW(), NULL), (1008, 9, 101, 1, NOW(), NOW(), NULL), (1009, 10, 101, 1, NOW(), NOW(), NULL),
-- 투표 2: 오늘 점심 (총 8명 참여)
(1010, 1, 102, 2, NOW(), NOW(), NULL), (1011, 2, 102, 2, NOW(), NOW(), NULL), (1012, 3, 102, 2, NOW(), NOW(), NULL), (1013, 4, 102, 2, NOW(), NOW(), NULL),
(1014, 5, 103, 2, NOW(), NOW(), NULL), (1015, 6, 103, 2, NOW(), NOW(), NULL), (1016, 7, 103, 2, NOW(), NOW(), NULL), (1017, 8, 103, 2, NOW(), NOW(), NULL),
-- 투표 3: 여름 휴가 (총 12명 참여)
(1018, 1, 104, 3, NOW(), NOW(), NULL), (1019, 2, 104, 3, NOW(), NOW(), NULL), (1020, 3, 104, 3, NOW(), NOW(), NULL), (1021, 4, 104, 3, NOW(), NOW(), NULL), (1022, 5, 104, 3, NOW(), NOW(), NULL), (1023, 6, 104, 3, NOW(), NOW(), NULL), (1024, 7, 104, 3, NOW(), NOW(), NULL),
(1025, 8, 105, 3, NOW(), NOW(), NULL), (1026, 9, 105, 3, NOW(), NOW(), NULL), (1027, 10, 105, 3, NOW(), NOW(), NULL), (1028, 1, 105, 3, NOW(), NOW(), NULL), (1029, 2, 105, 3, NOW(), NOW(), NULL),
-- 투표 4: 썸 선물 (총 9명 참여)
(1030, 3, 106, 4, NOW(), NOW(), NULL), (1031, 4, 106, 4, NOW(), NOW(), NULL), (1032, 5, 106, 4, NOW(), NOW(), NULL), (1033, 6, 106, 4, NOW(), NOW(), NULL), (1034, 7, 106, 4, NOW(), NOW(), NULL),
(1035, 8, 107, 4, NOW(), NOW(), NULL), (1036, 9, 107, 4, NOW(), NOW(), NULL), (1037, 10, 107, 4, NOW(), NOW(), NULL),
(1038, 1, 108, 4, NOW(), NOW(), NULL),
-- 투표 5: 아침 식사 (총 7명 참여)
(1039, 2, 109, 5, NOW(), NOW(), NULL), (1040, 3, 109, 5, NOW(), NOW(), NULL), (1041, 4, 109, 5, NOW(), NOW(), NULL), (1042, 5, 109, 5, NOW(), NOW(), NULL),
(1043, 6, 110, 5, NOW(), NOW(), NULL), (1044, 7, 110, 5, NOW(), NOW(), NULL), (1045, 8, 110, 5, NOW(), NOW(), NULL),
-- 투표 6: 나에게 더 중요한 것 (총 6명 참여)
(1046, 9, 111, 6, NOW(), NOW(), NULL), (1047, 10, 111, 6, NOW(), NOW(), NULL), (1048, 1, 111, 6, NOW(), NOW(), NULL),
(1049, 2, 112, 6, NOW(), NOW(), NULL), (1050, 3, 112, 6, NOW(), NOW(), NULL), (1051, 4, 112, 6, NOW(), NOW(), NULL),
-- 투표 7: 재회 (총 5명 참여)
(1052, 5, 113, 7, NOW(), NOW(), NULL), (1053, 6, 113, 7, NOW(), NOW(), NULL), (1054, 7, 113, 7, NOW(), NOW(), NULL),
(1055, 8, 114, 7, NOW(), NOW(), NULL), (1056, 9, 114, 7, NOW(), NOW(), NULL),
-- 투표 8: 매운 음식 레벨 (총 15명 참여 - 인기 투표 예시)
(1057, 10, 115, 8, NOW(), NOW(), NULL), (1058, 1, 115, 8, NOW(), NOW(), NULL),
(1059, 2, 116, 8, NOW(), NOW(), NULL), (1060, 3, 116, 8, NOW(), NOW(), NULL), (1061, 4, 116, 8, NOW(), NOW(), NULL), (1062, 5, 116, 8, NOW(), NOW(), NULL),
(1063, 6, 117, 8, NOW(), NOW(), NULL), (1064, 7, 117, 8, NOW(), NOW(), NULL), (1065, 8, 117, 8, NOW(), NOW(), NULL), (1066, 9, 117, 8, NOW(), NOW(), NULL), (1067, 10, 117, 8, NOW(), NOW(), NULL),
(1068, 1, 118, 8, NOW(), NOW(), NULL), (1069, 2, 118, 8, NOW(), NOW(), NULL), (1070, 3, 118, 8, NOW(), NOW(), NULL), (1071, 4, 118, 8, NOW(), NOW(), NULL),
-- 투표 9: 스트레스 해소법 (총 3명 참여)
(1072, 5, 119, 9, NOW(), NOW(), NULL), (1073, 6, 120, 9, NOW(), NOW(), NULL), (1074, 7, 121, 9, NOW(), NOW(), NULL),
-- 투표 10: 첫 데이트 복장 (총 15명 참여)
(1075, 1, 122, 10, NOW(), NOW(), NULL), (1076, 2, 122, 10, NOW(), NOW(), NULL), (1077, 3, 122, 10, NOW(), NOW(), NULL), (1078, 4, 122, 10, NOW(), NOW(), NULL), (1079, 5, 122, 10, NOW(), NOW(), NULL),
(1080, 6, 122, 10, NOW(), NOW(), NULL), (1081, 7, 122, 10, NOW(), NOW(), NULL), (1082, 8, 122, 10, NOW(), NOW(), NULL), (1083, 9, 122, 10, NOW(), NOW(), NULL), (1084, 10, 122, 10, NOW(), NOW(), NULL),
(1085, 1, 123, 10, NOW(), NOW(), NULL), (1086, 2, 123, 10, NOW(), NOW(), NULL), (1087, 3, 123, 10, NOW(), NOW(), NULL), (1088, 4, 123, 10, NOW(), NOW(), NULL), (1089, 5, 123, 10, NOW(), NOW(), NULL),
-- 투표 11: 최애 카페 메뉴 (총 8명 참여)
(1090, 6, 124, 11, NOW(), NOW(), NULL), (1091, 7, 124, 11, NOW(), NOW(), NULL), (1092, 8, 124, 11, NOW(), NOW(), NULL), (1093, 9, 124, 11, NOW(), NOW(), NULL), (1094, 10, 124, 11, NOW(), NOW(), NULL),
(1095, 1, 125, 11, NOW(), NOW(), NULL), (1096, 2, 125, 11, NOW(), NOW(), NULL),
(1097, 3, 126, 11, NOW(), NOW(), NULL),

-- 추가된 부분: member_vote_option 테이블 확장
-- 투표 12: 퇴근 후, 칼퇴 vs 야근 수당? (총 12명 참여)
(1098, 1, 127, 12, NOW(), NOW(), NULL), (1099, 2, 127, 12, NOW(), NOW(), NULL), (1100, 3, 127, 12, NOW(), NOW(), NULL), (1101, 4, 127, 12, NOW(), NOW(), NULL), (1102, 5, 127, 12, NOW(), NOW(), NULL), (1103, 6, 127, 12, NOW(), NOW(), NULL), (1104, 7, 127, 12, NOW(), NOW(), NULL), (1105, 8, 127, 12, NOW(), NOW(), NULL),
(1106, 9, 128, 12, NOW(), NOW(), NULL), (1107, 10, 128, 12, NOW(), NOW(), NULL), (1108, 1, 128, 12, NOW(), NOW(), NULL), (1109, 2, 128, 12, NOW(), NOW(), NULL),
-- 투표 13: 치킨 vs 피자, 야식의 왕은? (총 10명 참여)
(1110, 3, 129, 13, NOW(), NOW(), NULL), (1111, 4, 129, 13, NOW(), NOW(), NULL), (1112, 5, 129, 13, NOW(), NOW(), NULL), (1113, 6, 129, 13, NOW(), NOW(), NULL), (1114, 7, 129, 13, NOW(), NOW(), NULL), (1115, 8, 129, 13, NOW(), NOW(), NULL),
(1116, 9, 130, 13, NOW(), NOW(), NULL), (1117, 10, 130, 13, NOW(), NOW(), NULL), (1118, 1, 130, 13, NOW(), NOW(), NULL), (1119, 2, 130, 13, NOW(), NOW(), NULL),
-- 투표 14: 고백 타이밍, 만난 지 1달 vs 3달? (총 8명 참여)
(1120, 3, 131, 14, NOW(), NOW(), NULL), (1121, 4, 131, 14, NOW(), NOW(), NULL), (1122, 5, 131, 14, NOW(), NOW(), NULL),
(1123, 6, 132, 14, NOW(), NOW(), NULL), (1124, 7, 132, 14, NOW(), NOW(), NULL), (1125, 8, 132, 14, NOW(), NOW(), NULL), (1126, 9, 132, 14, NOW(), NOW(), NULL), (1127, 10, 132, 14, NOW(), NOW(), NULL),
-- 투표 15: 취미 활동, 동적인 것 vs 정적인 것? (총 6명 참여)
(1128, 1, 133, 15, NOW(), NOW(), NULL), (1129, 2, 133, 15, NOW(), NOW(), NULL),
(1130, 3, 134, 15, NOW(), NOW(), NULL), (1131, 4, 134, 15, NOW(), NOW(), NULL), (1132, 5, 134, 15, NOW(), NOW(), NULL), (1133, 6, 134, 15, NOW(), NOW(), NULL),
-- 투표 16: 분식집에서 떡볶이 vs 순대? (총 9명 참여)
(1134, 7, 135, 16, NOW(), NOW(), NULL), (1135, 8, 135, 16, NOW(), NOW(), NULL), (1136, 9, 135, 16, NOW(), NOW(), NULL), (1137, 10, 135, 16, NOW(), NOW(), NULL), (1138, 1, 135, 16, NOW(), NOW(), NULL), (1139, 2, 135, 16, NOW(), NOW(), NULL),
(1140, 3, 136, 16, NOW(), NOW(), NULL), (1141, 4, 136, 16, NOW(), NOW(), NULL), (1142, 5, 136, 16, NOW(), NOW(), NULL),
-- 투표 17: 썸남/썸녀의 이것, 용서 가능 vs 절대 불가? (총 11명 참여)
(1143, 6, 137, 17, NOW(), NOW(), NULL), (1144, 7, 137, 17, NOW(), NOW(), NULL), (1145, 8, 137, 17, NOW(), NOW(), NULL), (1146, 9, 137, 17, NOW(), NOW(), NULL), (1147, 10, 137, 17, NOW(), NOW(), NULL), (1148, 1, 137, 17, NOW(), NOW(), NULL), (1149, 2, 137, 17, NOW(), NOW(), NULL),
(1150, 3, 138, 17, NOW(), NOW(), NULL), (1151, 4, 138, 17, NOW(), NOW(), NULL), (1152, 5, 138, 17, NOW(), NOW(), NULL), (1153, 6, 138, 17, NOW(), NOW(), NULL),
-- 투표 18: 여행지 선택, 휴양지 vs 관광지? (총 7명 참여)
(1154, 7, 139, 18, NOW(), NOW(), NULL), (1155, 8, 139, 18, NOW(), NOW(), NULL), (1156, 9, 139, 18, NOW(), NOW(), NULL),
(1157, 10, 140, 18, NOW(), NOW(), NULL), (1158, 1, 140, 18, NOW(), NOW(), NULL), (1159, 2, 140, 18, NOW(), NOW(), NULL), (1160, 3, 140, 18, NOW(), NOW(), NULL),
-- 투표 19: 라면 끓일 때, 면 먼저 vs 스프 먼저? (총 13명 참여)
(1161, 4, 141, 19, NOW(), NOW(), NULL), (1162, 5, 141, 19, NOW(), NOW(), NULL), (1163, 6, 141, 19, NOW(), NOW(), NULL), (1164, 7, 141, 19, NOW(), NOW(), NULL), (1165, 8, 141, 19, NOW(), NOW(), NULL), (1166, 9, 141, 19, NOW(), NOW(), NULL), (1167, 10, 141, 19, NOW(), NOW(), NULL), (1168, 1, 141, 19, NOW(), NOW(), NULL),
(1169, 2, 142, 19, NOW(), NOW(), NULL), (1170, 3, 142, 19, NOW(), NOW(), NULL), (1171, 4, 142, 19, NOW(), NOW(), NULL), (1172, 5, 142, 19, NOW(), NOW(), NULL), (1173, 6, 142, 19, NOW(), NOW(), NULL),
-- 투표 20: 연인과 싸운 후, 먼저 사과하기 vs 기다리기? (총 9명 참여)
(1174, 7, 143, 20, NOW(), NOW(), NULL), (1175, 8, 143, 20, NOW(), NOW(), NULL), (1176, 9, 143, 20, NOW(), NOW(), NULL), (1177, 10, 143, 20, NOW(), NOW(), NULL), (1178, 1, 143, 20, NOW(), NOW(), NULL), (1179, 2, 143, 20, NOW(), NOW(), NULL),
(1180, 3, 144, 20, NOW(), NOW(), NULL), (1181, 4, 144, 20, NOW(), NOW(), NULL), (1182, 5, 144, 20, NOW(), NOW(), NULL),
-- 투표 21: 아이스 아메리카노 vs 따뜻한 라떼? (총 15명 참여)
(1183, 6, 145, 21, NOW(), NOW(), NULL), (1184, 7, 145, 21, NOW(), NOW(), NULL), (1185, 8, 145, 21, NOW(), NOW(), NULL), (1186, 9, 145, 21, NOW(), NOW(), NULL), (1187, 10, 145, 21, NOW(), NOW(), NULL), (1188, 1, 145, 21, NOW(), NOW(), NULL), (1189, 2, 145, 21, NOW(), NOW(), NULL), (1190, 3, 145, 21, NOW(), NOW(), NULL), (1191, 4, 145, 21, NOW(), NOW(), NULL),
(1192, 5, 146, 21, NOW(), NOW(), NULL), (1193, 6, 146, 21, NOW(), NOW(), NULL), (1194, 7, 146, 21, NOW(), NOW(), NULL), (1195, 8, 146, 21, NOW(), NOW(), NULL), (1196, 9, 146, 21, NOW(), NOW(), NULL), (1197, 10, 146, 21, NOW(), NOW(), NULL),
-- 투표 22: 운동, 혼자 vs 같이? (총 11명 참여)
(1198, 1, 147, 22, NOW(), NOW(), NULL), (1199, 2, 147, 22, NOW(), NOW(), NULL), (1200, 3, 147, 22, NOW(), NOW(), NULL), (1201, 4, 147, 22, NOW(), NOW(), NULL), (1202, 5, 147, 22, NOW(), NOW(), NULL),
(1203, 6, 148, 22, NOW(), NOW(), NULL), (1204, 7, 148, 22, NOW(), NOW(), NULL), (1205, 8, 148, 22, NOW(), NOW(), NULL), (1206, 9, 148, 22, NOW(), NOW(), NULL), (1207, 10, 148, 22, NOW(), NOW(), NULL), (1208, 1, 148, 22, NOW(), NOW(), NULL);

-- comment 테이블 (댓글 정보)
INSERT INTO comment (id, member_id, comment_group_id, parent_id, content, reply_count, like_count, created_at, updated_at, deleted_at) VALUES
-- 투표 1 (ID: 1001) 관련 댓글
(10001, 1, 1001, NULL, '앱이 빠르고 편하죠!', 1, 3, '2024-06-16 10:00:00', '2024-06-16 10:00:00', NULL),
(10002, 2, 1001, 10001, '그래도 지인 소개가 더 믿음직해요.', 0, 1, '2024-06-16 10:30:00', '2024-06-16 10:30:00', NULL),
(10003, 3, 1001, NULL, '저는 둘 다 해봤어요!', 1, 2, '2024-06-17 11:00:00', '2024-06-17 11:00:00', NULL),
(10004, 4, 1001, 10003, '어떤게 더 좋았나요?', 0, 1, '2024-06-17 11:15:00', '2024-06-17 11:15:00', NULL),
(10005, 5, 1001, NULL, '삭제된 댓글입니다.', 0, 0, '2024-06-18 12:00:00', '2024-06-18 12:05:00', '2024-06-18 12:05:00'),
-- 투표 3 (ID: 1003) 관련 댓글
(10006, 6, 1003, NULL, '여름엔 동남아 최고!', 1, 2, '2024-06-26 09:00:00', '2024-06-26 09:00:00', NULL),
(10007, 7, 1003, 10006, '어디가 좋았어요?', 0, 1, '2024-06-26 09:30:00', '2024-06-26 09:30:00', NULL),
(10008, 8, 1003, NULL, '제주도가 최고! 국내에도 갈 곳 많아요.', 0, 1, '2024-06-27 10:00:00', '2024-06-27 10:00:00', NULL),
-- 투표 10 (ID: 1010) 관련 댓글
(10009, 9, 1010, NULL, '캐주얼이 짱이죠!', 1, 3, '2024-07-09 10:00:00', '2024-07-09 10:00:00', NULL),
(10010, 10, 1010, 10009, '저도 동의해요!', 0, 1, '2024-07-09 10:15:00', '2024-07-09 10:15:00', NULL),
(10011, 1, 1010, NULL, '포멀하게 입고 가면 뭔가 더 대접받는 느낌?', 0, 1, '2024-07-09 11:00:00', '2024-07-09 11:00:00', NULL),
(10012, 2, 1010, NULL, '편안한게 최고예요.', 0, 1, '2024-07-09 11:30:00', '2024-07-09 11:30:00', NULL),

-- 추가된 부분: comment 테이블 확장
-- 투표 12 (ID: 1012) 관련 댓글
(10013, 3, 1012, NULL, '칼퇴하고 싶지만, 돈도 중요해요!', 1, 3, '2025-07-08 10:00:00', '2025-07-08 10:00:00', NULL),
(10014, 4, 1012, 10013, '맞아요. 야근 수당 쏠쏠하죠.', 0, 1, '2025-07-08 10:10:00', '2025-07-08 10:10:00', NULL),
(10015, 5, 1012, NULL, '저는 무조건 워라밸이요!', 0, 2, '2025-07-08 10:30:00', '2025-07-08 10:30:00', NULL),
(10016, 6, 1012, NULL, '둘 다 할 수 있는 회사는 없을까요?', 1, 0, '2025-07-08 11:00:00', '2025-07-08 11:00:00', NULL),
(10017, 7, 1012, 10016, '그런 곳이 있다면 당장 옮겨야죠!', 0, 0, '2025-07-08 11:15:00', '2025-07-08 11:15:00', NULL),
-- 투표 2 (ID: 1002) 관련 댓글 추가
(10018, 1, 1002, NULL, '한식파 여기 있습니다!', 0, 1, '2025-07-19 14:00:00', '2025-07-19 14:00:00', NULL),
(10019, 2, 1002, NULL, '오늘은 왠지 양식 땡기네요.', 0, 2, '2025-07-19 14:05:00', '2025-07-19 14:05:00', NULL),
-- 투표 4 (ID: 1004) 관련 댓글 추가
(10020, 3, 1004, NULL, '선물은 마음이 중요하죠.', 0, 0, '2025-07-19 14:10:00', '2025-07-19 14:10:00', NULL),
-- 투표 5 (ID: 1005) 관련 댓글 추가
(10021, 4, 1005, NULL, '빵 냄새로 아침을 시작하는 게 좋아요.', 0, 1, '2025-07-19 14:15:00', '2025-07-19 14:15:00', NULL),
-- 투표 6 (ID: 1006) 관련 댓글 추가
(10022, 5, 1006, NULL, '저는 시간이 돈보다 훨씬 중요해요!', 0, 2, '2025-07-19 14:20:00', '2025-07-19 14:20:00', NULL),
(10023, 6, 1006, 10022, '동의합니다. 시간은 돌이킬 수 없죠.', 0, 0, '2025-07-19 14:25:00', '2025-07-19 14:25:00', NULL),
-- 투표 7 (ID: 1007) 관련 댓글 추가
(10024, 7, 1007, NULL, '재회는 최악의 선택이라고 생각해요.', 0, 3, '2025-07-19 14:30:00', '2025-07-19 14:30:00', NULL),
(10025, 8, 1007, 10024, '저도 같은 생각입니다.', 0, 1, '2025-07-19 14:35:00', '2025-07-19 14:35:00', NULL),
-- 투표 8 (ID: 1008) 관련 댓글 추가
(10026, 9, 1008, NULL, '불닭은 진리입니다.', 0, 1, '2025-07-19 14:40:00', '2025-07-19 14:40:00', NULL),
-- 투표 9 (ID: 1009) 관련 댓글 추가
(10027, 10, 1009, NULL, '저는 맛있는 거 먹는 게 제일 좋아요.', 0, 2, '2025-07-19 14:45:00', '2025-07-19 14:45:00', NULL),
(10028, 1, 1009, 10027, '그것도 좋은 방법이죠!', 0, 0, '2025-07-19 14:50:00', '2025-07-19 14:50:00', NULL),
(10029, 2, 1009, 10027, '잠자는 게 최고입니다.', 0, 0, '2025-07-19 14:55:00', '2025-07-19 14:55:00', NULL),
-- 투표 11 (ID: 1011) 관련 댓글 추가
(10030, 3, 1011, NULL, '아메리카노 최고!', 0, 0, '2025-07-19 15:00:00', '2025-07-19 15:00:00', NULL),
(10031, 4, 1011, NULL, '라떼에 시럽 추가는 필수죠.', 0, 0, '2025-07-19 15:05:00', '2025-07-19 15:05:00', NULL),
-- 투표 13 (ID: 1013) 관련 댓글 추가
(10032, 5, 1013, NULL, '야식은 역시 치킨이죠!', 1, 0, '2025-07-19 15:10:00', '2025-07-19 15:10:00', NULL),
(10033, 6, 1013, 10032, '피자도 빼놓을 수 없죠!', 0, 0, '2025-07-19 15:15:00', '2025-07-19 15:15:00', NULL),
-- 투표 14 (ID: 1014) 관련 댓글 추가
(10034, 7, 1014, NULL, '고백은 빠를수록 좋아요!', 0, 0, '2025-07-19 15:20:00', '2025-07-19 15:20:00', NULL),
(10035, 8, 1014, NULL, '3달은 너무 긴 것 같아요.', 0, 0, '2025-07-19 15:25:00', '2025-07-19 15:25:00', NULL),
-- 투표 15 (ID: 1015) 관련 댓글 추가
(10036, 9, 1015, NULL, '활동적인 취미가 최고!', 0, 0, '2025-07-19 15:30:00', '2025-07-19 15:30:00', NULL),
(10037, 10, 1015, NULL, '집에서 쉬는게 좋아요.', 0, 0, '2025-07-19 15:35:00', '2025-07-19 15:35:00', NULL),
-- 투표 16 (ID: 1016) 관련 댓글 추가
(10038, 1, 1016, NULL, '떡볶이 없인 못 살아요!', 0, 0, '2025-07-19 15:40:00', '2025-07-19 15:40:00', NULL),
(10039, 2, 1016, NULL, '순대에 떡볶이 국물 찍어먹어야죠!', 0, 0, '2025-07-19 15:45:00', '2025-07-19 15:45:00', NULL),
(10040, 3, 1016, 10039, '진정한 국룰입니다.', 0, 0, '2025-07-19 15:50:00', '2025-07-19 15:50:00', NULL),
-- 투표 17 (ID: 1017) 관련 댓글 추가
(10041, 4, 1017, NULL, '용서 가능합니다.', 0, 0, '2025-07-19 15:55:00', '2025-07-19 15:55:00', NULL),
-- 투표 18 (ID: 1018) 관련 댓글 추가
(10042, 5, 1018, NULL, '휴양지에서 푹 쉬는게 최고죠.', 0, 0, '2025-07-19 16:00:00', '2025-07-19 16:00:00', NULL),
(10043, 6, 1018, NULL, '관광지에서 새로운 경험을 하고 싶어요.', 0, 0, '2025-07-19 16:05:00', '2025-07-19 16:05:00', NULL),
-- 투표 19 (ID: 1019) 관련 댓글 추가
(10044, 7, 1019, NULL, '면 먼저 넣어야 꼬들면이 됩니다.', 1, 0, '2025-07-19 16:10:00', '2025-07-19 16:10:00', NULL),
(10045, 8, 1019, 10044, 'ㄹㅇㅋㅋ', 0, 0, '2025-07-19 16:15:00', '2025-07-19 16:15:00', NULL),
-- 투표 20 (ID: 1020) 관련 댓글 추가
(10046, 9, 1020, NULL, '먼저 사과하는게 관계에 좋아요.', 0, 0, '2025-07-19 16:20:00', '2025-07-19 16:20:00', NULL),
-- 투표 21 (ID: 1021) 관련 댓글 추가
(10047, 10, 1021, NULL, '무조건 아아!', 0, 0, '2025-07-19 16:25:00', '2025-07-19 16:25:00', NULL),
(10048, 1, 1021, NULL, '추운 날엔 따뜻한 라떼 한 잔이 최고.', 0, 0, '2025-07-19 16:30:00', '2025-07-19 16:30:00', NULL),
-- 투표 22 (ID: 1022) 관련 댓글 추가
(10049, 2, 1022, NULL, '운동은 혼자 해야 집중이 잘 되죠.', 0, 0, '2025-07-19 16:35:00', '2025-07-19 16:35:00', NULL);


-- comment_like 테이블 (댓글 좋아요 정보)
INSERT INTO comment_like (id, user_id, comment_id, created_at, updated_at, deleted_at) VALUES
                                                                                           (100001, 2, 10001, NOW(), NOW(), NULL), -- 유저2가 댓글1 좋아요
                                                                                           (100002, 3, 10001, NOW(), NOW(), NULL), -- 유저3이 댓글1 좋아요
                                                                                           (100003, 4, 10001, NOW(), NOW(), NULL), -- 유저4가 댓글1 좋아요
                                                                                           (100004, 5, 10002, NOW(), NOW(), NULL), -- 유저5가 댓글2 좋아요
                                                                                           (100005, 6, 10003, NOW(), NOW(), NULL), -- 유저6이 댓글3 좋아요
                                                                                           (100006, 7, 10003, NOW(), NOW(), NULL), -- 유저7이 댓글3 좋아요
                                                                                           (100007, 8, 10004, NOW(), NOW(), NULL), -- 유저8이 댓글4 좋아요
                                                                                           (100008, 9, 10006, NOW(), NOW(), NULL), -- 유저9가 댓글6 좋아요
                                                                                           (100009, 10, 10006, NOW(), NOW(), NULL), -- 유저10이 댓글6 좋아요
                                                                                           (100010, 1, 10008, NOW(), NOW(), NULL), -- 유저1이 댓글8 좋아요
                                                                                           (100011, 2, 10009, NOW(), NOW(), NULL), -- 유저2가 댓글9 좋아요
                                                                                           (100012, 3, 10009, NOW(), NOW(), NULL), -- 유저3이 댓글9 좋아요
                                                                                           (100013, 4, 10009, NOW(), NOW(), NULL), -- 유저4가 댓글9 좋아요
                                                                                           (100014, 5, 10010, NOW(), NOW(), NULL), -- 유저5가 댓글10 좋아요
                                                                                           (100015, 6, 10011, NOW(), NOW(), NULL), -- 유저6이 댓글11 좋아요
                                                                                           (100016, 7, 10012, NOW(), NOW(), NULL), -- 유저7이 댓글12 좋아요

-- 추가된 부분: comment_like 테이블 확장
                                                                                           (100017, 1, 10013, NOW(), NOW(), NULL),
                                                                                           (100018, 2, 10013, NOW(), NOW(), NULL),
                                                                                           (100019, 3, 10013, NOW(), NOW(), NULL),
                                                                                           (100020, 4, 10014, NOW(), NOW(), NULL),
                                                                                           (100021, 5, 10015, NOW(), NOW(), NULL),
                                                                                           (100022, 6, 10015, NOW(), NOW(), NULL),
                                                                                           (100023, 7, 10016, NOW(), NOW(), NULL),
                                                                                           (100024, 8, 10017, NOW(), NOW(), NULL),
                                                                                           (100025, 3, 10018, NOW(), NOW(), NULL),
                                                                                           (100026, 4, 10019, NOW(), NOW(), NULL),
                                                                                           (100027, 5, 10019, NOW(), NOW(), NULL),
                                                                                           (100028, 6, 10021, NOW(), NOW(), NULL),
                                                                                           (100029, 7, 10022, NOW(), NOW(), NULL),
                                                                                           (100030, 8, 10022, NOW(), NOW(), NULL),
                                                                                           (100031, 9, 10024, NOW(), NOW(), NULL),
                                                                                           (100032, 10, 10024, NOW(), NOW(), NULL),
                                                                                           (100033, 1, 10024, NOW(), NOW(), NULL),
                                                                                           (100034, 2, 10025, NOW(), NOW(), NULL),
                                                                                           (100035, 3, 10026, NOW(), NOW(), NULL),
                                                                                           (100036, 4, 10027, NOW(), NOW(), NULL),
                                                                                           (100037, 5, 10027, NOW(), NOW(), NULL),
                                                                                           (100038, 6, 10028, NOW(), NOW(), NULL),
                                                                                           (100039, 7, 10029, NOW(), NOW(), NULL),
                                                                                           (100040, 8, 10030, NOW(), NOW(), NULL),
                                                                                           (100041, 9, 10031, NOW(), NOW(), NULL),
                                                                                           (100042, 10, 10032, NOW(), NOW(), NULL),
                                                                                           (100043, 1, 10033, NOW(), NOW(), NULL),
                                                                                           (100044, 2, 10034, NOW(), NOW(), NULL),
                                                                                           (100045, 3, 10035, NOW(), NOW(), NULL),
                                                                                           (100046, 4, 10036, NOW(), NOW(), NULL),
                                                                                           (100047, 5, 10037, NOW(), NOW(), NULL),
                                                                                           (100048, 6, 10038, NOW(), NOW(), NULL),
                                                                                           (100049, 7, 10039, NOW(), NOW(), NULL),
                                                                                           (100050, 8, 10040, NOW(), NOW(), NULL),
                                                                                           (100051, 9, 10041, NOW(), NOW(), NULL),
                                                                                           (100052, 10, 10042, NOW(), NOW(), NULL),
                                                                                           (100053, 1, 10043, NOW(), NOW(), NULL),
                                                                                           (100054, 2, 10044, NOW(), NOW(), NULL),
                                                                                           (100055, 3, 10045, NOW(), NOW(), NULL),
                                                                                           (100056, 4, 10046, NOW(), NOW(), NULL),
                                                                                           (100057, 5, 10047, NOW(), NOW(), NULL),
                                                                                           (100058, 6, 10048, NOW(), NOW(), NULL),
                                                                                           (100059, 7, 10049, NOW(), NOW(), NULL);


-- 최종 데이터 일관성을 위한 업데이트 (애플리케이션 로직에서 처리될 수 있으나, mock 데이터 정확성을 위해 포함)
-- MySQL의 'You can't specify target table for update in FROM clause' 오류를 피하기 위해 JOIN 사용
-- vote_option의 vote_count 업데이트
UPDATE vote_option vo
    LEFT JOIN (
    SELECT mvo.vote_option_id AS option_id_val, COUNT(*) AS count_val
    FROM member_vote_option mvo
    GROUP BY mvo.vote_option_id
    ) AS counted_votes ON vo.id = counted_votes.option_id_val
    SET vo.vote_count = COALESCE(counted_votes.count_val, 0);

-- vote의 total_vote_count 업데이트
UPDATE vote v
    LEFT JOIN (
    SELECT vo.vote_id AS vote_id_val, SUM(vo.vote_count) AS total_sum
    FROM vote_option vo
    GROUP BY vo.vote_id
    ) AS summed_options ON v.id = summed_options.vote_id_val
    SET v.total_vote_count = COALESCE(summed_options.total_sum, 0);

-- comment의 like_count 업데이트
UPDATE comment c
    LEFT JOIN (
    SELECT cl.comment_id AS comment_id_val, COUNT(*) AS like_count_val
    FROM comment_like cl
    GROUP BY cl.comment_id
    ) AS counted_likes ON c.id = counted_likes.comment_id_val
    SET c.like_count = COALESCE(counted_likes.like_count_val, 0);

-- comment의 reply_count 업데이트
UPDATE comment c_parent
    LEFT JOIN (
    SELECT c_child.parent_id AS parent_id_val, COUNT(*) AS reply_count_val
    FROM comment c_child
    WHERE c_child.parent_id IS NOT NULL AND c_child.deleted_at IS NULL
    GROUP BY c_child.parent_id
    ) AS count_replies ON c_parent.id = count_replies.parent_id_val
    SET c_parent.reply_count = COALESCE(count_replies.reply_count_val, 0)
WHERE c_parent.parent_id IS NULL;

-- comment_group의 total_comment_count 업데이트
UPDATE comment_group cg
    LEFT JOIN (
    SELECT c.comment_group_id AS group_id_val, COUNT(*) AS comment_count_val
    FROM comment c
    WHERE c.deleted_at IS NULL
    GROUP BY c.comment_group_id
    ) AS total_count ON cg.id = total_count.group_id_val
    SET cg.total_comment_count = COALESCE(total_count.comment_count_val, 0);

ALTER TABLE vote MODIFY category ENUM('LOVE', 'FOOD', 'ETC', 'ALL');